id,name,model_id:id,group_id:id,perm_read,perm_write,perm_create,perm_unlink
access_booking_user,qimam.booking user,model_qimam_booking,qimamhd_booking_v2.group_booking_user,1,1,1,0
access_booking_manager,qimam.booking manager,model_qimam_booking,qimamhd_booking_v2.group_booking_manager,1,1,1,1
access_booking_period_line_user,qimam.booking.period.line user,model_qimam_booking_period_line,qimamhd_booking_v2.group_booking_user,1,1,1,1
access_booking_service_line_user,qimam.booking.service.line user,model_qimam_booking_service_line,qimamhd_booking_v2.group_booking_user,1,1,1,1
access_hall_user,qimam.booking.hall user,model_qimam_booking_hall,qimamhd_booking_v2.group_booking_user,1,0,0,0
access_hall_manager,qimam.booking.hall manager,model_qimam_booking_hall,qimamhd_booking_v2.group_booking_manager,1,1,1,1
access_period_user,qimam.booking.period user,model_qimam_booking_period,qimamhd_booking_v2.group_booking_user,1,0,0,0
access_period_manager,qimam.booking.period manager,model_qimam_booking_period,qimamhd_booking_v2.group_booking_manager,1,1,1,1
access_service_user,qimam.booking.service user,model_qimam_booking_service,qimamhd_booking_v2.group_booking_user,1,0,0,0
access_service_manager,qimam.booking.service manager,model_qimam_booking_service,qimamhd_booking_v2.group_booking_manager,1,1,1,1
access_package_user,qimam.booking.package user,model_qimam_booking_package,qimamhd_booking_v2.group_booking_user,1,0,0,0
access_package_manager,qimam.booking.package manager,model_qimam_booking_package,qimamhd_booking_v2.group_booking_manager,1,1,1,1
access_package_line_user,qimam.booking.package.line user,model_qimam_booking_package_line,qimamhd_booking_v2.group_booking_user,1,0,0,0
access_package_line_manager,qimam.booking.package.line manager,model_qimam_booking_package_line,qimamhd_booking_v2.group_booking_manager,1,1,1,1
access_quick_wizard,qimam.booking.quick.wizard,model_qimam_booking_quick_wizard,qimamhd_booking_v2.group_booking_user,1,1,1,1
access_cancel_wizard,qimam.booking.cancel.wizard,model_qimam_booking_cancel_wizard,qimamhd_booking_v2.group_booking_supervisor,1,1,1,1
access_invoice_wizard,qimam.booking.invoice.wizard,model_qimam_booking_invoice_wizard,qimamhd_booking_v2.group_booking_user,1,1,1,1
access_payment_schedule_user,qimam.booking.payment.schedule user,model_qimam_booking_payment_schedule,qimamhd_booking_v2.group_booking_user,1,1,1,0
access_payment_schedule_manager,qimam.booking.payment.schedule manager,model_qimam_booking_payment_schedule,qimamhd_booking_v2.group_booking_manager,1,1,1,1
access_payment_schedule_wizard,qimam.booking.payment.schedule.wizard,model_qimam_booking_payment_schedule_wizard,qimamhd_booking_v2.group_booking_supervisor,1,1,1,1
access_reversal_wizard,qimam.booking.reversal.wizard,model_qimam_booking_reversal_wizard,account.group_account_invoice,1,1,1,1
access_booking_dashboard,qimam.booking.dashboard,model_qimam_booking_dashboard,qimamhd_booking_v2.group_booking_user,1,1,1,1
access_booking_availability_wizard,qimam.booking.availability.wizard,model_qimam_booking_availability_wizard,qimamhd_booking_v2.group_booking_user,1,1,1,1
access_booking_availability_line,qimam.booking.availability.line,model_qimam_booking_availability_line,qimamhd_booking_v2.group_booking_user,1,1,1,1
access_resource_type_user,qimam.booking.resource.type,model_qimam_booking_resource_type,qimamhd_booking_v2.group_booking_user,1,0,0,0
access_resource_type_manager,qimam.booking.resource.type manager,model_qimam_booking_resource_type,qimamhd_booking_v2.group_booking_manager,1,1,1,1
access_resource_user,qimam.booking.resource,model_qimam_booking_resource,qimamhd_booking_v2.group_booking_user,1,0,0,0
access_resource_manager,qimam.booking.resource manager,model_qimam_booking_resource,qimamhd_booking_v2.group_booking_manager,1,1,1,1
access_stay_booking_user,qimam.stay.booking,model_qimam_stay_booking,qimamhd_booking_v2.group_booking_user,1,1,1,0
access_stay_booking_manager,qimam.stay.booking manager,model_qimam_stay_booking,qimamhd_booking_v2.group_booking_manager,1,1,1,1
access_booking_operation_template_user,booking.operation.template user,model_qimam_booking_operation_template,qimamhd_booking_v2.group_booking_user,1,0,0,0
access_booking_operation_template_manager,booking.operation.template manager,model_qimam_booking_operation_template,qimamhd_booking_v2.group_booking_manager,1,1,1,1
access_booking_operation_item_user,booking.operation.item user,model_qimam_booking_operation_item,qimamhd_booking_v2.group_booking_user,1,1,1,0
access_booking_operation_item_manager,booking.operation.item manager,model_qimam_booking_operation_item,qimamhd_booking_v2.group_booking_manager,1,1,1,1
access_security_audit_manager,booking security audit manager,model_qimam_booking_security_audit,qimamhd_booking_v2.group_booking_manager,1,0,0,0
access_booking_migration_map_manager,booking migration map manager,model_qimam_booking_migration_map,qimamhd_booking_v2.group_booking_manager,1,1,1,0
access_booking_migration_wizard_manager,booking migration wizard manager,model_qimam_booking_migration_wizard,qimamhd_booking_v2.group_booking_manager,1,1,1,1
access_api_session_user,booking api session user,model_qimam_booking_api_session,qimamhd_booking_v2.group_booking_user,1,0,0,0
access_api_session_manager,booking api session manager,model_qimam_booking_api_session,qimamhd_booking_v2.group_booking_manager,1,0,0,1
access_stay_invoice_wizard,stay invoice wizard,model_qimam_stay_invoice_wizard,qimamhd_booking_v2.group_booking_supervisor,1,1,1,1
access_stay_reversal_wizard,stay reversal wizard,model_qimam_stay_reversal_wizard,account.group_account_invoice,1,1,1,1
access_stay_cancel_wizard,stay cancel wizard,model_qimam_stay_cancel_wizard,qimamhd_booking_v2.group_booking_supervisor,1,1,1,1
access_booking_demo_run_manager,booking demo run manager,model_qimam_booking_demo_run,qimamhd_booking_v2.group_booking_manager,1,1,1,0
